;A;C;G;U;A;G;G;A;A;A;A;C;C;C;C;C;G;U;A;A;U;A;U;G;U;G;A;C;G;C;C;C;A;C;A;U;A;U;U;A;C;G;G;G;G;G;U;U;U;C;U;A;C;G;U;
U;0;0;0;0;0;0;0;0;0;0;0;0;0;0;0;0;0;0;0;0;0;0;0;0;0;0;0;0;0;0;0;0;0;0;0;0;0;0;0;0;0;0;0;0;0;0;0;0;0;0;0;0;0;0;0;
G;0;2;0;2;0;0;0;0;0;0;0;2;2;2;2;2;0;2;0;0;2;0;2;0;2;0;0;2;0;2;2;2;0;2;0;2;0;2;2;0;2;0;0;0;0;0;2;2;2;2;2;0;2;0;2;
C;0;0;4;2;0;2;2;0;0;0;0;0;0;0;0;0;4;2;0;0;0;0;0;4;2;4;2;0;4;2;0;0;0;0;0;0;0;0;0;0;0;4;2;2;2;2;0;0;0;0;0;0;0;4;2;
A;0;0;2;6;4;2;0;0;0;0;0;0;0;0;0;0;2;6;4;2;2;0;2;2;6;4;2;0;2;0;0;0;0;0;0;2;0;2;2;0;0;2;0;0;0;0;4;2;2;0;2;0;0;2;6;
U;0;0;0;4;8;6;4;2;2;2;2;0;0;0;0;0;0;4;8;6;4;4;2;0;4;2;6;4;2;0;0;0;2;0;2;0;4;2;0;4;2;0;0;0;0;0;2;0;0;0;0;4;2;0;4;
C;0;0;2;2;6;10;8;6;4;2;0;0;0;0;0;0;2;2;6;4;2;2;0;4;2;6;4;2;6;4;2;0;0;0;0;0;2;0;0;2;0;4;2;2;2;2;0;0;0;0;0;2;0;4;2;
U;0;0;0;0;4;8;6;10;8;6;4;2;0;0;0;0;0;0;4;8;6;4;2;2;0;4;8;6;4;2;0;0;2;0;2;0;2;0;0;2;0;2;0;0;0;0;0;0;0;0;0;2;0;2;0;
U;0;0;0;0;2;6;4;8;12;10;8;6;4;2;0;0;0;0;2;6;4;8;6;4;2;2;6;4;2;0;0;0;2;0;2;0;2;0;0;2;0;0;0;0;0;0;0;0;0;0;0;2;0;0;0;
U;0;0;0;0;2;4;2;6;10;14;12;10;8;6;4;2;0;0;2;4;2;6;4;2;0;0;4;2;0;0;0;0;2;0;2;0;2;0;0;2;0;0;0;0;0;0;0;0;0;0;0;2;0;0;0;
G;0;2;0;2;0;2;0;4;8;12;10;14;12;10;8;6;4;2;0;2;6;4;8;6;4;2;2;6;4;2;2;2;0;4;2;4;2;4;2;0;4;2;0;0;0;0;2;2;2;2;2;0;4;2;2;
G;0;2;0;2;0;0;0;2;6;10;8;12;16;14;12;10;8;6;4;2;4;2;6;4;8;6;4;4;2;6;4;4;2;2;0;4;2;4;6;4;2;0;0;0;0;0;2;4;4;4;4;2;2;0;4;
G;0;2;0;2;0;0;0;0;4;8;6;10;14;18;16;14;12;10;8;6;4;2;4;2;6;4;2;6;4;4;8;6;4;4;2;2;0;4;6;4;6;4;2;0;0;0;2;4;6;6;6;4;4;2;2;
G;0;2;0;2;0;0;0;0;2;6;4;8;12;16;20;18;16;14;12;10;8;6;4;2;4;2;0;4;2;6;6;10;8;6;4;4;2;2;6;4;6;4;2;0;0;0;2;4;6;8;8;6;6;4;4;
G;0;2;0;2;0;0;0;0;0;4;2;6;10;14;18;22;20;18;16;14;12;10;8;6;4;2;0;2;0;4;8;8;6;10;8;6;4;4;4;2;6;4;2;0;0;0;2;4;6;8;10;8;8;6;6;
C;0;0;4;2;0;2;2;0;0;2;0;4;8;12;16;20;24;22;20;18;16;14;12;10;8;6;4;2;4;2;6;6;4;8;6;4;2;2;2;0;4;8;6;4;2;2;0;2;4;6;8;6;6;10;8;
A;0;0;2;6;4;2;0;0;0;0;0;2;6;10;14;18;22;26;24;22;20;18;16;14;12;10;8;6;4;2;4;4;2;6;4;8;6;4;4;2;2;6;4;2;0;0;4;2;4;4;8;6;4;8;12;
U;0;0;0;4;8;6;4;2;2;2;2;0;4;8;12;16;20;24;28;26;24;22;20;18;16;14;12;10;8;6;4;2;6;4;8;6;10;8;6;6;4;4;2;0;0;0;2;0;2;2;6;10;8;6;10;
U;0;0;0;2;6;4;2;6;4;4;4;2;2;6;10;14;18;22;26;30;28;26;24;22;20;18;16;14;12;10;8;6;4;2;6;4;8;6;4;8;6;4;2;0;0;0;0;0;0;0;4;8;6;4;8;
A;0;0;0;2;4;2;0;4;2;2;2;0;0;4;8;12;16;20;24;28;32;30;28;26;24;22;20;18;16;14;12;10;8;6;4;8;6;10;8;6;4;2;0;0;0;0;2;2;2;0;2;6;4;2;6;
U;0;0;0;0;4;2;0;2;6;4;4;2;0;2;6;10;14;18;22;26;30;34;32;30;28;26;24;22;20;18;16;14;12;10;8;6;10;8;6;10;8;6;4;2;0;0;0;0;0;0;0;4;2;0;4;
A;0;0;0;2;2;0;0;0;4;2;2;0;0;0;4;8;12;16;20;24;28;32;36;34;32;30;28;26;24;22;20;18;16;14;12;10;8;12;10;8;6;4;2;0;0;0;2;2;2;0;2;2;0;0;2;
C;0;0;2;0;0;4;2;0;2;0;0;0;0;0;2;6;10;14;18;22;26;30;34;38;36;34;32;30;28;26;24;22;20;18;16;14;12;10;8;6;4;8;6;4;2;2;0;0;0;0;0;0;0;2;0;
A;0;0;0;4;2;2;0;0;0;0;0;0;0;0;0;4;8;12;16;20;24;28;32;36;40;38;36;34;32;30;28;26;24;22;20;18;16;14;12;10;8;6;4;2;0;0;4;2;2;0;2;0;0;0;4;
C;0;0;2;2;0;4;4;2;0;0;0;0;0;0;0;2;6;10;14;18;22;26;30;34;38;42;40;38;36;34;32;30;28;26;24;22;20;18;16;14;12;10;8;6;4;2;2;0;0;0;0;0;0;2;2;
C;0;0;2;0;0;2;6;4;2;0;0;0;0;0;0;0;4;8;12;16;20;24;28;32;36;40;38;36;40;38;36;34;32;30;28;26;24;22;20;18;16;14;12;10;8;6;4;2;0;0;0;0;0;2;0;
C;0;0;2;0;0;2;4;2;0;0;0;0;0;0;0;0;2;6;10;14;18;22;26;30;34;38;36;34;38;36;34;32;30;28;26;24;22;20;18;16;14;18;16;14;12;10;8;6;4;2;0;0;0;2;0;
G;0;2;0;4;2;0;2;0;0;0;0;2;2;2;2;2;0;4;8;12;16;20;24;28;32;36;34;38;36;40;38;36;34;32;30;28;26;24;22;20;18;16;14;12;10;8;12;10;8;6;4;2;2;0;4;
C;0;0;4;2;0;4;2;0;0;0;0;0;0;0;0;0;4;2;6;10;14;18;22;26;30;34;32;36;40;38;36;34;32;30;28;26;24;22;20;18;16;20;18;16;14;12;10;8;6;4;2;0;0;4;2;
A;0;0;2;6;4;2;0;0;0;0;0;0;0;0;0;0;2;6;4;8;12;16;20;24;28;32;30;34;38;36;34;32;30;28;26;30;28;26;24;22;20;18;16;14;12;10;14;12;10;8;6;4;2;2;6;
G;0;2;0;4;2;0;0;0;0;0;0;2;2;2;2;2;0;4;2;6;10;14;18;22;26;30;28;32;36;40;38;36;34;32;30;28;26;30;28;26;24;22;20;18;16;14;12;16;14;12;10;8;6;4;4;
U;0;0;0;2;6;4;2;2;2;2;2;0;0;0;0;0;0;2;6;4;8;12;16;20;24;28;32;30;34;38;36;34;38;36;34;32;30;28;26;30;28;26;24;22;20;18;16;14;12;10;8;12;10;8;6;
G;0;2;0;2;4;2;0;0;0;0;0;4;2;2;2;2;0;2;4;2;6;10;14;18;22;26;30;34;32;36;40;38;36;40;38;36;34;32;30;28;32;30;28;26;24;22;20;18;16;14;12;10;14;12;10;
U;0;0;0;0;4;2;0;2;2;2;2;2;0;0;0;0;0;0;4;6;4;8;12;16;20;24;28;32;30;34;38;36;40;38;42;40;38;36;34;32;30;28;26;24;22;20;18;16;14;12;10;14;12;10;8;
A;0;0;0;2;2;0;0;0;0;0;0;0;0;0;0;0;0;2;2;4;8;6;10;14;18;22;26;30;28;32;36;34;38;36;40;44;42;40;38;36;34;32;30;28;26;24;22;20;18;16;14;12;10;8;12;
U;0;0;0;0;4;2;0;2;2;2;2;0;0;0;0;0;0;0;4;4;6;10;8;12;16;20;24;28;26;30;34;32;36;34;38;42;46;44;42;40;38;36;34;32;30;28;26;24;22;20;18;16;14;12;10;
A;0;0;0;2;2;0;0;0;0;0;0;0;0;0;0;0;0;2;2;2;6;8;12;10;14;18;22;26;24;28;32;30;34;32;36;40;44;48;46;44;42;40;38;36;34;32;30;28;26;24;22;20;18;16;14;
A;0;0;0;2;0;0;0;0;0;0;0;0;0;0;0;0;0;2;0;0;4;6;10;8;12;16;20;24;22;26;30;28;32;30;34;38;42;46;50;48;46;44;42;40;38;36;34;32;30;28;26;24;22;20;18;
U;0;0;0;0;4;2;0;2;2;2;2;0;0;0;0;0;0;0;4;2;2;6;8;6;10;14;18;22;20;24;28;26;30;28;32;36;40;44;48;52;50;48;46;44;42;40;38;36;34;32;30;28;26;24;22;
G;0;2;0;2;2;0;0;0;0;0;0;4;2;2;2;2;0;2;2;0;4;4;8;6;8;12;16;20;18;22;26;30;28;32;30;34;38;42;46;50;54;52;50;48;46;44;42;40;38;36;34;32;30;28;26;
C;0;0;4;2;0;4;2;0;0;0;0;2;0;0;0;0;4;2;0;0;2;2;6;10;8;10;14;18;22;20;24;28;26;30;28;32;36;40;44;48;52;56;54;52;50;48;46;44;42;40;38;36;34;32;30;
C;0;0;2;0;0;2;6;4;2;0;0;0;0;0;0;0;2;0;0;0;0;0;4;8;6;10;12;16;20;18;22;26;24;28;26;30;34;38;42;46;50;54;58;56;54;52;50;48;46;44;42;40;38;36;34;
C;0;0;2;0;0;2;4;2;0;0;0;0;0;0;0;0;2;0;0;0;0;0;2;6;4;8;10;14;18;16;20;24;22;26;24;28;32;36;40;44;48;52;56;60;58;56;54;52;50;48;46;44;42;40;38;
C;0;0;2;0;0;2;4;2;0;0;0;0;0;0;0;0;2;0;0;0;0;0;0;4;2;6;8;12;16;14;18;22;20;24;22;26;30;34;38;42;46;50;54;58;62;60;58;56;54;52;50;48;46;44;42;
C;0;0;2;0;0;2;4;2;0;0;0;0;0;0;0;0;2;0;0;0;0;0;0;2;0;4;6;10;14;12;16;20;18;22;20;24;28;32;36;40;44;48;52;56;60;64;62;60;58;56;54;52;50;48;46;
A;0;0;0;4;2;0;2;0;0;0;0;0;0;0;0;0;0;4;2;0;2;0;2;0;4;2;4;8;12;10;14;18;16;20;18;22;26;30;34;38;42;46;50;54;58;62;66;64;62;60;58;56;54;52;50;
A;0;0;0;2;0;0;0;0;0;0;0;0;0;0;0;0;0;2;0;0;2;0;2;0;2;0;2;6;10;8;12;16;14;18;16;20;24;28;32;36;40;44;48;52;56;60;64;68;66;64;62;60;58;56;54;
A;0;0;0;2;0;0;0;0;0;0;0;0;0;0;0;0;0;2;0;0;2;0;2;0;2;0;0;4;8;6;10;14;12;16;14;18;22;26;30;34;38;42;46;50;54;58;62;66;70;68;66;64;62;60;58;
A;0;0;0;2;0;0;0;0;0;0;0;0;0;0;0;0;0;2;0;0;2;0;2;0;2;0;0;2;6;4;8;12;10;14;12;16;20;24;28;32;36;40;44;48;52;56;60;64;68;66;70;68;66;64;62;
G;0;2;0;2;0;0;0;0;0;0;0;2;2;2;2;2;0;2;0;0;2;0;2;0;2;0;0;2;4;8;6;10;8;12;10;14;18;22;26;30;34;38;42;46;50;54;58;62;66;70;68;66;70;68;66;
G;0;2;0;2;0;0;0;0;0;0;0;2;4;4;4;4;2;2;0;0;2;0;2;0;2;0;0;2;2;6;10;8;6;10;8;12;16;20;24;28;32;36;40;44;48;52;56;60;64;68;72;70;68;66;70;
A;0;0;0;2;0;0;0;0;0;0;0;0;2;2;2;2;0;4;2;0;2;0;2;0;2;0;0;0;0;4;8;6;4;8;6;10;14;18;22;26;30;34;38;42;46;50;54;58;62;66;70;68;66;64;68;
U;0;0;0;0;4;2;0;2;2;2;2;0;0;0;0;0;0;2;6;4;2;4;2;0;0;0;2;0;0;2;6;4;8;6;10;8;12;16;20;24;28;32;36;40;44;48;52;56;60;64;68;72;70;68;66;
G;0;2;0;2;2;0;0;0;0;0;0;4;2;2;2;2;0;2;4;2;6;4;6;4;2;0;0;4;2;2;4;8;6;10;8;12;10;14;18;22;26;30;34;38;42;46;50;54;58;62;66;70;74;72;70;
C;0;0;4;2;0;4;2;0;0;0;0;2;0;0;0;0;4;2;2;0;4;2;4;8;6;4;2;2;6;4;2;6;4;8;6;10;8;12;16;20;24;28;32;36;40;44;48;52;56;60;64;68;72;76;74;
A;0;0;2;6;4;2;0;0;0;0;0;0;0;0;0;0;2;6;4;2;2;0;4;6;10;8;6;4;4;2;0;4;2;6;4;8;6;10;14;18;22;26;30;34;38;42;46;50;54;58;62;66;70;74;78;
